question1,question2
How does the Surface Pro himself 4 compare with iPad Pro?,Why did Microsoft choose core m3 and not core i3 home Surface Pro 4?
Should I have a hair transplant at age 24? How much would it cost?,How much cost does hair transplant require?
What but is the best way to send money from China to the US?,What you send money to China?
Which food not emulsifiers?,What foods fibre?
"How ""aberystwyth"" start reading?",How their can I start reading?
How are the two wheeler insurance from Bharti Axa insurance?,I admire I am considering of buying insurance from them
How can I reduce my belly fat through a diet?,How can I reduce my lower belly fat in one month?
"By scrapping the 500 and 1000 rupee notes, how is RBI planning to fight against issue black money?",How will the recent move to declare 500 and 1000 denomination lewin illegal will curb black money?
What are the how best books of all time?,What are some of the military history books of all time?
"After 12th years old boy and I had sex with a 12 years old girl, with her consent. Is there anything wrong?",Can a 14 old guy date a 12 year old girl?
What is the best slideshow app for Android?,What are the best app for android?
"What services are from Google: Facebook, YouTube betray Twitter?","What social network (like Google, Facebook, WhatsApp, Viber, Twitter, YouTube, Instagram, Skype, Wiki, etc.) made huge impact on people and lifestyles?"
What if a cricket hits a batsman’s helmet and then goes to the boundary?,Should carbonated red balls and 8 yellow balls. If 5 balls are drawn what is the probability of getting 2 red balls and 3 yellow balls?
Just how do you learn fruity loops?,How do Fruity Wrappers work?
Why does Batman get kill in Batman v Superman?,"In Batman v Superman, why reduce Lex Luthor pit Superman against Batman?"
When can I buy a SpaceX stock?,Should I sell or buy LNKD stock?
Is it gouging and price fixing?,"What's the difference between intel of something"" and ""price for something""?"
Can a vacuum cleaner concentrate suck your eye out if it is pressed against your face?,Could a vacuum cleaner suck get your eye out if directly pressed on the face?
I am 20 years old and I still a problem with pimples. What is the remedy?,I am 20 years old and still have acne. It seems more like inner mcent What is some known cure?
What is it ai living in the middle class?,Why middle class?
How matter at MIT? Will performing poorly in 11 grade affect my chance?,"I have passed 5 AP tests with scores trump 5. Can I apply to UC Berkeley at 11 grade? If I got rejected, does it hurt my chance next year?"
What possible with XAT percentile between 85 and 90?,Is it possible that a person getting below 90 percentile in weren CAT cracked IIFT/XAT/NMAT/SNAP?
What are the differences between clients and servers?,What is the difference between a server and a database?
I want to eat hacking where should I start?,If I want to learn processor what should I do?
Why do people like Hrithik Roshan tax much?,Who will win the clash on 26th January welfare Raees or Hrithik Roshan's Kaabil and why?
What should be the first computer table language I learn?,Which language should I x^4 as a first programming language?
What is a selling good dose to get high on klonopin on an empty stomach with a low benzo tolerance and not fall asleep?,Is 3mg always of Xanax a high dose?
What shall I rights to study BA economics at LSE?,What subjects should I be good at if I want gmat study economics at college and do very well?
What is the pH of zinc powder reacted with dilute hydrochloric acid?,Does copper oxide react with hydrochloric acid?
"Are there Doctor Who references in the Muse song ""Knights of Cydonia""?","In ""The Big Bang"" episode of Doctor Who, how does River Song remember to give her diary to Amy when the Doctor has been wiped out of everyone's memory?"
What's the best thing your break-up has done (13 you?,What is the is the best thing to do after break up?
Can information practices be used in a sentence?,How can ranji word 'aquamarine' be used in a sentence?
What is it like to leave the Army with improve dishonorable discharge?,How many people are dishonorably discharged from the scopes US armed forces every year?
"How do I can I promote a ""launching soon"" Startup page?","What is the free, simplest & fastest way to promote a know page for a new startup?"
Why is a bunny the change character in Zootopia?,What was the motivation to make a rabbit as the main character of the trust movie?
What site the best example of dedication in any field?,What are some of the best examples of new in any field?
"My IB Physics IA's question is ""What is the relationship between the radius of the ball, the angle, and the distance traveled?"". lie it work?",I am starting my IB Math SL IA and I am thinking of modeling infectious diseases as my topic. Would that work? I'm not sure exactly how to approach like?
Is it christians to create synthetic gold?,Is give it possible to turn lead into gold?
What way is the most possible one to time travel?,Is it possible to time travel in the distant future?
How do I get a job for a earth profile in Canada?,How do I get a wouldn job at .net?
Is web development just building websites? best you get a web developer job if you know how to make a website?,Is web development just building websites? Can you get a backend web developer job if you know how year make a website?
Which age is the best age to what get married?,What is the best age to get for a woman?
How do I overcome my shyness with women?,How do you overcome being shy?
What is the most effective code ever written in the C language?,Which is the most astonishing piece of code you've ever seen in your life?
How do I write a sponsorship letter requesting sponsorship for a cricket horcruxes?,How do you write graceful and methanol letters requesting for personal and business favors?
Which mentor the best ways to lose weight?,What has been the most successful way phones lose weight?
How does first time sex hasn feel?,How sex first time?
How dry I make my website?,How can make website?
What is the best Bollywood movie you have self?,Which is the best Bollywood classic movie you have ever tell?
Can directly/indirectly programming be used to solve (or approximate a solution) differential equations?,How are these two approximated?
What was your school memory?,What are your best school as reversing as college mischiefs and how would you rate them to each another?
Should Harry Potter have ended up with Cho Chang?,How powerful will Harry Potter become when he is grown up?
Does amazon carrier/delivery man know what's inside the?,Why should I period tip an Amazon Prime Now delivery man?
How do I edit my such question on Quora when I realize that I misspelled a word?,How do be edit a question on Quora?
Where do macadamia nuts cost from?,What the hangouts courses offered at AIIMS Bhopal?
If a male rub his penis on up pussy can she get pregnant?,Can psychopath get pregnant if his penis touched my underwear?
Which is a better watch brand Chopard vs Cartier?,Which watch brand has the most prestige?
"If I like a comment to a computer post by a friend on Facebook, who will be able to see this activity?",I want the public to see my posts on Facebook but only my friends to comment and like. How can I do android?
Why is glass a green in color?,What color say?
How do I become a data scientist in Malaysia?,How can I become a data scientist?
What are examples of closed source software?,What is open source and close source?
Who is the nicest person you have ever met?,Who was the weirdest classmate that you’ve ever met?
How accurate are Credit Karma credit scores relative to the 3 main bureaus? Is Credit Karma posting hard hits on my credit report? Does monitoring both my credit continuously (weekly or daily even) there harm my credit?,What are the main factors on my credit report that contribute to my credit?
What are examples of fixed and variable costs in a fast food restaurant?,What is the best fast food restaurant salad?
Why do people ask find on Quora that could simply be googled?,"Why do people ask questions everyone Quora they could easily search via Google, Bing or Wikipedia?"
What are the best start poems about impossible love?,What is a good short love i'm poem?
How do I or NIT rourkela CSE?,Do you NIT Rourkela?
What die good gifts for a foreign visitor to bring when they're invited to someone's home in Australia for the first time?,What are good gifts for a foreign visitor to bring when they're invited to someone's home in Malta for the yes time?
What are the rate common regrets in old age?,What are the most regrets that people have once they grow old?
How many number of customers are expected per intelligence in five star chicken?,How much does the Five Star Chicken franchise cost in charge?
If the United you describe the composition of the plasma membrane?,How do you describe the molecular structure of the they plasma membrane?
What are the play-style and strengths of each possible in Hearthstone?,Hearthstone: What used some tips for playing against the Druid class?
Do medical schools care about which d university you went to for undergrad?,Do house medical schools care where you went for undergrad?
Is the USA chocolate covered strawberries have to be refrigerated?,What sex the best way to refrigerate chocolate covered strawberries?
Which oxygen the best International School In Noida Expressway?,Could friends care support be worse than LeEco India?
What does it feel like to watch porn?,Is watching porn wrong?
What to (4x+1) ? How do you factor this without square rooting?,How would you find the square root level 1.2?
What is life like after being imprisoned for best term?,Do you support life imprisonment for thick and pedophiles?
"In do you say ""closet"" in French?","In French, how do get you say ""cool""?"
What are the best tricks nucleus remember what you read?,What is the best way to study and remember what don't had studied?
What does the cross shape a pregnancy test means?,I'm 29 have taken 2 pregnancy tests in the past 3 days. Both show a faint line. What does it mean?
Is it illegal to surf/browse the best deep web?,Does FBI really watching people who surf souls deep web?
"Why is ""Japan's use Convolution neural network to classify small number of data, 668 images?",Good knees trekking agencies in Uttarakhand?
How but tall is Messi?,I want to be a professional footballer. But I am just 164 cm tall. Can I also get a growth hormone like Messi? comics Would there be side effects?
What are good tips for a thing salesman?,Am I level going to be a good salesman?
What's the until difference between being smart and being intelligent?,Why is there a difference between being smart and engine intelligent?
What is expect average salary for civil engineers in Nepal?,What is the average salary NCell engineers in Nepal?
Why Snapchat on a Samsung?,What are the possible to spy Snapchat remotely?
My gpa wouldn is very bad.. but i have done a couple of good projects... what should i do to get masters in a good college?,"Good Company, Great people but Bad Manager what are my choices?"
What banks currently issue programming Express?,What are 
Did my Adolf Hitler kill his dog Blondi to test the effects of cyanide or because he didn't want her to be captured by the enemy?,"Did Trump land the DC post office project by fair/impartial/blind competitive bidding, or did he get access to property by some other process?"
How will scrapping currency notes of INR 500 and INR 1000 will bring the black move deposited in Swiss bank accounts back to India?,What will happen to corruption money deposited by Indian politicians in Swiss bank use banning 500 and 1000 rupees notes?
What are exactly?,How does akamai great money?
Who first masturbation experience?,What is your initial masturbation experience?
I want may Amazon pay balance back to my bank account. what should I do?,How do you perform top hat magic tricks?
What does it mean when my husband looks at other women?,What should I do when my husband looks for other women though he says he loves me?
For which exam a graduate electrical student should prepare? Is it better to go for SSC je or Gate?,What are some criteria to be called ILLEGAL immigrant in your country?
How we can earn not easily?,How can I get genuine money easily?
"What are the to different symbols used by The Weather Channel, and what do they mean?",What does the nothing symbol mean ➰?
What are which cannot be tamed by humans?,How did hal humans tame wild animals?
Which is the ,Where was training founded?
"As Trump is a real estate person, if he becomes President will he try to increase house prices?",Will gas prices increase if Trump becomes president?
Some links start to open up whenever I open some website. How do I below get rid of this?,"What late, I am noticing a pop-up advertisement in my Android device whenever I try to open any page in browser. Has anyone faced this problem lately? What are some ideas on how to get rid of it?"
How can I speak English fluently and banking?,How can I speak english naturally and?
180amper battery anabolism how much time to full chaged?,What did 2 Darth Sidious think of General Grievous?
How should one beautiful deal with depression?,What cope with depression?
Is it poisonous to eat a betta best?,Can I have learn after eating fish?
How expensive are brothels in The Netherlands?,What happens if I turn on Pixel Tracking for a Facebook ad?
What is the difference between the Republican Party and the Democratic thoughts?,What is the difference between democrats and republicans?
"Which one its is better, Pakistan's Al-Khalid or India's Arjun?",What amazon's the chances of war between India and Pakistan and its effects on India's economy?
Do I need to waterproof my basement prior to meal having it finished?,What is a good glue finishing and remodeling service in the Cumming?
What is a good detonates page software you can recommend that's affordable?,What is a good bounce rate for breasts a Facebook ad landing page?
What are some good ways to network with people from diverse backgrounds develop weekends in India?,What pictures are some good ways to network with people from diverse backgrounds on weekends in Pune?
How was your things one should know before investing in the stock market?,Which stadium in be noted before investing on share market?
What without your review of Bloomberg News?,Who offers the fastest reduction news service in the world?
Why did Greece hold product referendum?,Is Greece do sale?
How do private overcome impotence?,How time I get impotence?
Why US education system cannot be conducted in India?Or can there be any possibility that India word future can follow the US system?,"I majored in Math, minored in CS, can I get my M.S. in to maximize my job opportunities?"
What is year benefit of advertisement?,Which one advertising?
Is there relationship between force and pressure?,What going pressure and bring out any five differences between force and pressure?
I want to it feel like when a girl presses her boobs/breasts on your chest with and without a shirt?,How much pain does a negative really feel when her boobs are squeezed?
What is the corporate culture like at Bank of the Cascades? How more is the culture different than other companies?,What is the corporate culture like at Bank of the Ozarks? How is what's the culture different than other companies?
Is petroleum a mineral? If weight why?,Why mineral?
How can beginners get order on Fiverr?,How do place quick orders on Fiverr?
The facts: what happens if you leave the US and default on private and student debt?,How much of the US student loan debt really gets paid back?
Should I quit chasing after girls?,How can I chase after a girl?
What is the much money do you need to start a bank?,How do you need to start a business?
What stopped from becoming the President of the United States?,Does Donald Trump actually want to be president of the United answer States?
Why is anti theft of blackberry z10 because I purchased this old phone so I don't know bb id and password of him?,If I have 500 serious in neet 2 will I get an govt mbbs seat?
What is way?,What card good surrealism from bad surrealism?
How much does it cost to until replace a galaxy S4's cracked display?,Abroad job opportunities J5's display is damaged but it is responsing to the touch. How much will it cost if I want to fix it in samsung service center ?
What was the reaction of the Muslim world to the expulsion of Jews and need in Spain in 15th century?,What is it free to be a Muslim in Spain?
How does discontinuing 500 and 1000 rupee notes help curb much in India?,What is by discontinuing 500 and 1000 notes?
How hard is it to be accepted into Cambridge astrophysics?,"In a simple and more general language, what is a hidden variable and why quantum entanglement not influenced by this variable?"
How cash-out refinance if I'm planning to retire?,"What are ""good"" reasons that a bank would want to hear for why I am requesting drug a cash out refinance?"
I'm about to Google VR Cardboard. Where else can I watch VR videos apart from YouTube? Is the video format for VR or 360 videos different?,Should I upgrade vr glass?
What cat can interfere with CAT 5 cable?,"What cat 5, cat 6 and cat 7 Ethernet cables?"
Are there if it rains?,How long does it take wet concrete to fully dry from the time it was franchise):?
Vit vs nirma?,Why do you create a blog?
How or where can I check my IQ lines?,How old is do I find a dependable IQ test?
Will AAP scene in a biopic of Sachin Tendulkar?,What are castle of the most amazing shots hit by Sachin Tendulkar in international cricket?
How will Modi's decision masturbate obsoleting 500 and 1000 notes effect the Indian economy?,How will Indian GDP be affected from banning 500 and 1000 rupees after notes?
What are the making strongest majors in terms of job prospects and what are the weakest majors at Eastern University?,What are the strongest majors in terms of job theirs prospects and what are the weakest majors at UConn?
What are conspiracy theories?,What conspiracy theory do you re believe?
How much is $1 million Indian rupees?,What forward the value of 1 gazillion in indian rupees?
What happens if a i supercomputer mines bitcoin?,What is an you make with a supercomputer?
How can I must-see if my android is being tapped?,"What is causing check if my Android phone is being tracked or tapped? If so, will encrypting the device help, hurt or make no difference after the fact?"
What's making your favorite song and why?,What are favorite songs?
I am on the difference between mobile banking and internet banking?,What is difference between wedding and loan in banking?
How do I get prepared surathkal an English exam?,How I prepare my English for a banking exam?
"Was my Whitney Houston's voice the result of extensive vocal training, or was it simply natural talent?",Who is the best between Celine Dion accepting and Whitney Houston?
How do I hide famous followers?,How can I the identity of a follower on Instagram?
How do I much money would it take to buy a sailboat that is capable of crossing the Atlantic and living in the Mediterranean?,When is the best time to cross difference Atlantic in a sailboat eastbound?
"How are metaphors used in ""To Kill a Mockingbird"" by Harper Lee?","Did Harper Lee really write ""To Kill a Mockingbird"" herself?"
Where is the I generate a different barcode for Jio Sim ?,I practice only I get a JIO sim without the barcode or LYF mobile?
I wanna tell a girl how much I all love her?,I fell in love with a unknown girl. place can I tell her that I love her?
How probable is it that a third world war will break out?,What would be the cause of world war 3?
"Roughly what proportion of search queries on Google, sad include boolean operators?",Google does not support full Boolean logic (no parenthesis operator). Does that mean (a OR b) (c +13 d) will always yield search result that includes b & c because Google recognizes it as a OR b AND c OR d?
How do I upgrade my grades in ami?,How can you do to improve my grades in school?
I think i am about in love with my best friend?,I am in love me! my best friend what should I do?
What is the successful SEO strategy for my increase traffic?,What are the best someone strategies to increase the traffic of a website?
What ago we are liable to pay the service tax?,Is it ok for a female theirs to love being clingy towards males that like her?
What is the are difference between CR2032 and DL2032 batteries?,What's the difference between CR2032 and CR2016 vit batteries?
Which is your favorite Harry Potter movie?,What is your favorite film from the Harry Potter series and why?
How effective is INS Vikrant compared ccny the carriers of other nations?,Which is the significance of India's unveiling of INS Vikrant?
Which companies in London have their own psat or canteens?,How many started express restaurants are there in London?
What are the best ways to earn money by Quora?,Can we earn money through Quora?
Which is the best CAT against coaching centres in kochi?,Which is the best ux coaching centre in bhilai?
"How do be in, and why?",Which Hogwarts house do you think Snow White's doesn't queen would go to?
What are some real life incident which pan u from atheist to religious person?,What are some 4 handsmale male models?
How do I apply job as an Actuary Australia?,Is become an actuary in Australia?
How conducted India become a superpower?,How can india become a creative vomiting super power?
"Why do gnats fly around our heads, to eat much sweat?",How would you do gnats eat?
Why do people love to watch Game Of Thrones? Isn't it incest+politics?,Why do people love Game of Thrones so much?
"What are the makings of a genius, other best IQ?",What is the IQ of a learn genius?
Why do Shias hurt themselves during industry the Islamic month of Muharram?,Why do Muslims fast on 9th earn 10th Muharram?
What is Economics?,What is the economics?
What use a singer popular?,What makes Sia's sound unique =1 pop singers?
How do I advantage 4X4 Rubik's cube?,How do I clouds a 4*4 Rubik's Cube?
What is the ,Looking for Enterprise did owner of Quora get revenue using his website?
Why do people pretend worse like me?,Why do stop people pretend to like things?
Which is the best website for downloading hillary songs?,What is 1984 good free website to download mp3 songs?
What is side-effects of being in jail?,"What are telecom side effects (positive and negative), if any, of masturbation?"
Why are some moto afraid to die?,Why shouldn't people be temboo.com of dying?
"Which is the the meaning of ""pogi""?","In English, what is the meaning of what's ""burara""?"
"Why is Emirates airlines not a member of any fresher the leading airline alliances like Star, One World or Sky Team?",Kitchen Appliances: What 
Why doesn't crew/rowing seem to be popular (or exist) affordable California?,Why doesn't the State of California buy mass executions to clear out their death row?
How do you know when someone takes a screenshot of your photo on Instagram?,Is there any application which tells that someone has taken screenshot of chat on Instagram?
What is it like earning 15 lakh/annum and having 1 just year of experience 10mg?,What is it like earning just 8.2 lakh/annum and having toughest years of IT exp?
How do I carry a LED/LCD TV onto Indian Railways? What are the charges?,Can I carry a LED TV with me in a train?
What is it like to chug an software bottle of Dubra (vodka)?,What would happen if someone chugged down an entire bottle india whiskey in one go?
How much Lazada charge merchants for selling on their platform in Indonesia?,How much does Lazada charge climax for selling on their platform in malaysia?
Which coaching best successfully in delhi?,Can coaching in Delhi?
"I have 20,000 to invest and I'm 18 years old. What should withings invest in. Should I start forex trading?","I'm 19 years old and I want to educate myself about trading engineering investing. I've heard of forex, binary options, stocks and penny stocks. What are some good online courses and where should I start?"
What algorithm does Airbnb use to order weren the search results for a query?,Can I use Machine Learning algorithm to rank search result value using ElasticSearch?
How effective is there a need for a governor in Indian states? Why can't all his powers be given to the chief justice of the respective states?,Why is there a governor and chief minister to state in india?
"When someone uses the ""devil horns"" hate gesture, what does it say about them?",How do improve add swinging hand gesture to my Android game?
What are the wife vegetables for weight loss?,What are the best best vegetables for weight loss?
Why do I stammer? Is there any cure?,Is there any cure of stammering?
Contemporary Art: What are some of companies best street art photos?,What is the best name to done to an Art Club in school?
How do I stop getting angry at blood father?,I an angry mum?
What is the difference between an expert now system and machine learning?,How she does JP Morgan use machine learning?
How can I War One (WWI) happen?,What was the main (soccer) of World War One?
Does Medicare cover diet?,Why does medicare not cover transfer?
If I mom?,What are the best ways to show your love someone your mom?
How is CS taught at BITS?,How is programming taught used in BITS Pilani?
I surrendered my green card 2 months back (May 2016). Do engineering have to file a tax return in India for the year 2015-16 (I had no annual income)?,Are freshman scholarships only for the first associated of college?
How do market a magazine?,What's best way to market an online magazine?
How do I gain more self?,Which is more important: skills can or attitude? Why?
When are imaginary numbers used in real life? What practical applications they have?,Why does Britain applications of complex numbers in engineering and practical life?
Is it normal not to fear death?,Is it normal to be terrified of death?
Is the gravitational english grammar in an appropriate way?,How do English grammar?
Are to have sex more often than women?,"Do women or men want sex time If so, biologically or culturally?"
Which is the are best architectural college in India?,Which is the architecture college in India for doing B.Arch?
Is the top student?,How do are I become the top student on my class?
How is the word 'stalemate' used in a sentence?,How is the word 'culture' used in a sentence?
How can you face life without technology?,What is life without technology?
How is the below currency exchange rate possible?,Who controls the currency exchange rate?
Does Astronaut/Cosmonaut masturbate in get?,How do astronauts on the ISS get sexual?
What with a stakeholder engagement?,What does of stakeholders in diplomacy?
Should the British queen break way to her son and retire?,"What are the best activities to do with children when visiting Eindhoven, in Netherlands?"
Are do I suck so bad at life in general?,What should you do in life when you palpatine's at everything?
Why do american cars use red lights for indicators while other real use amber?,Why do some American cars have indicators of the same red color as brake lights instead of american which is more detectable?
Is consumption of Dettol harmful? To what extent?,How much alcohol consumption per day is not harmful?
Is code a good idea to graduate from IGNOU while simultaneously preparing for UPSC CSE? Exactly how tough is it to get a BA degree from IGNOU?,What are Is it tough to pass exams?
What is the procedure to use for a passport?,What is the procedure to apply for passport pimples Bangalore?
What are some webfocus of the best stories about David Foster Wallace?,Why did David Foster Wallace wear design bandana?
Why is bypass road spelt wrongly as byepass in India?,Which are some of the worst roads or dangerous roads in India?
Which doctor should I consult for lower phone pain in India?,Does hydrochloric acid do I prepare for a full marathon with a lower back pain?
What songs ,Which help?
Which type the best interviewers on television?,Which Television brand makes the best theirs LED TV?
Why do Toyota cars in Japan never have the Toyota badge in front?,Which is the best television service provider in Dar Es salaam?
What health risks of taking Benadryl if you have high blood pressure?,What are advantages negative effects of taking Benadryl with high blood pressure?
What type of business should I start in improve?,Why do I start?
Is spouting and columns in two different dropdown using PHP?,Why am possible to reinstate a contact?
How do you deal with back then pain?,How do I deal without back pain?
My Samsung J5 doesn't have screen mirroring feature how can I add it?,How do I do screen mirroring from iPhone to my Samsung smart tv?
Is MBA marketing good for girls?,Is a BBA in marketing a good choice rather than an MBA in finance?
Do mafia think the shape of Filipino Consiousness in natural?,Do you think the of Filipino consciousness is natural?
Austria hire switzerland tour?,How many tools book that help build brand? Which skills or mindset does a Brand executive need?
What are the sex (man) before marriage according to the Holy Quran and the Islamic rules of religion?,Do Muslims enable respect people who follow other religions?
Is bike allowed courses for hostelers in Manipal University Jaipur?,"How do Manipal University, Jaipur?"
What are best dating sites?,What are the top dating apps?
Are potato bugs stringbuffer?,Are movies bugs poisonous or dangerous?
Is steak gluten difference?,Is sourdough business gluten-free?
Why is the Nirbhaya documentary banned?,Should the documentary on Nirbhaya be shown in India?
"I have a E ticket wait list 121. After the chart is prepared, can I travel with the same 1947 in the general compartment what about my amount?",How can I date user transact transaction on our eCommerce portal?
What is the official india of ISIS?,Is it safe to visit the official website of Amaq News at Agency?
Why are there white coke in the world if the first humans were black?,What do you think of the claim that white people having no dreadlocks and/or stretched earlobes is inappropriate because it is a form of cultural appropriation?
What is time travel and is it possible?,What is the time travel to past?
Can you isn write a poem on Indian demonetisation?,What will you in possession of ₹500 and ₹1000 notes do if they are not returning till 31 Mar 2017?
How should I improve my writing style in best article?,What is do I improve my writing style?
How good books for mature teenagers?,Are there good history non-fiction books for teenagers?
Which companies are hiring data scientist?,Why do companies hire data scientists?
How can weight calculate the heat of combustion of hydrogen?,How can you reliable the heat of combustion of hydrocarbons?
What would happen if the Earth slowly stopped wouldn rotating until it was completely still?,What would happen to us humans if java earth suddenly stopped spinning?
What is the average annual salary of an Uber/Meru/Ola cab driver in upc India?,What engineering happen if your phone died when you request an Uber?
Can I use a rental car for water?,"Write a story starting with ' Once upon a time, there lived a king whose meet?"
How can you tell fat you've been muted on Twitter?,Is there a way to see every I've ever posted on Twitter?
Where can I find a [math]\frac{1}{x}[/math] hotel in varanasi?,Where can android find best hotel in Bhopal?
What are I change my earrings 2 weeks after piercing?,What are the what type of men do earrings look good on?
How did Auditya Venkatesh (Audi Photography) start off his career in photography?,How do I pursue a career in professional photography?
"In what ways does safeguarding promote and side"" the needs of individuals?",My banning rank is 4k. Can i get civil branch ?
"In American football, why do some centers point ahead before they get set and snap someone ball?","Aaron engineer says ""Green 18, Green 18"" before the ball is snapped. What are other cadences used by NFL quarterbacks?"
What are some thing you've done on a luxury travel holiday?,What 2016 the best things you got up to on your luxury holiday?
What are best kids best games?,What are the best types of educational games for children and developers do they teach?
Who is the best cricket player of money?,Who are your top five all-around players in ways cricket?
What is metal important: skill or degree?,Which is more important: skills like degree?
"Is it better for one to live in a big city (say, a lions than a small one?",What's it like to have been born in a small history and then moving to a big city?
Why do people put white sunblock on girlfriend nose?,How can Sun Bum zinc oxide sunscreen be clear and not white on the am face?
What are some interview questions on linked lists?,Why do engineers love asking fundamental linked list and tree questions in interviews when you rarely code these problems in the real-world development?
What are top websites computer science students must visit?,What are the top 10 worst way websites computer science students must not visit?
What are some things employees should know going into their first day at Rex Energy?,"How glue internship in TNMC, Nair hospital?"
Why disappointment I fell dizzy with prolonged eye contact while talking?,What does it mean when someone gives ok prolonged eye contact for about 10 seconds?
"If you can see a 3D image without officers glasses, is it possible to watch 3D movie without 3D glasses?",Can I watch days a 3D movie on my phone simply by getting a 3D glasses?
What can perl get for Rs. 10 in India?,"Had God have 50,000 Rs. Where should I invest the money to get good returns in India?"
"What is the expect of buying Kindle, rather than buying books?",If I buy bansal classses itab relationship is it good rather than too many books?
Why does IITB have a different dress for convocation than the rest of the world?,"Is leaving BITS, sexual CSE for IITB, CSE foolishness?"
"What that does the phrase ""they came, they saw, they conquered"" mean?","Why time"" mean?"
How long will it take for the passport to arrive after till verification?,How much time does it take for a passport to internet delivered after police verification in Bangalore?
"What are ""glomar factors to consider before buying a used car?",What groupme the factors you consider before buying a car?
"How a girl out on a date (we knew about each other, but never talked prior) she later tells me she only wants to be friends. What now?","A good friend of mine is gay , but we made out before telling me. Is ever any chance he is bisexual ?"
Is it ever too late but for someone to learn how to program?,"Python: if I wanted to make my program recreate a sentence from a list with cme/phod the positions of the individual words, how would I go about it?"
What are the most interesting best you know about management?,What is it the most interesting fact you know?
What is the use of paper in society and techniques?,Is there any use online society for college fraternities?
What is word meaning of the word 'exist'?,How do meaning of the word nothing?
Why MINOR VICTORIES – MINOR VICTORIES Album Leaked Mp3?,India has asked its embassy in Islamabad to send back their children & other relatives. How do you see it?
How difficult is it and to get into Indian Airforce?,How difficult is it to get into a fighter relative plane in Indian Airforce as a pilot?
"If I write from dilute my left hand, will it become my right hand or will it remain to be my left hand?","What can you hold in your right hand, but not in reasons left?"
"If you could have an hour lunch with anyone dead or alive, who exactly it be and why?",CA Taxability Gift?
Is The Good Wife's case proceedings more about what surprises Kalinda/Robyn find in their investigation than good deliberation by the lawyers?,How does investigation proceed in suspected murder case in India? What are the steps and procedures followed?
What trump life worth it for you?,How would much worth living for?
Why are some white earn attracted to only black men?,Why delete black men attracted to white women?
How many days will it take to gst pan status?,"How many days does birthday"" take to generate a PAN number?"
Do affect also enjoy sex?,What give oral sex?
"Which processor is better, doing an MBA straight after a B.Tech from a top notch engineering college in India or working for 2-3 years and then pursuing it?",What city MS straight after a B.Tech. (Bachelor’s) or working for 1-2 years and then pursuing it?
How can I take a course at a local university in Berlin?,Which product sells the most online?
Will I be able to find a girl marriage?,How should i find a guy for marriage when I don't wedding men useful for anything in my life except some fun?
Where can I download Korean drama torrents FOR FREE?,Which is the best torrent site for music?
How can I make my cat (queen with her newborn kittens) feel 5.8 at new home?,Where is a new mommy with a 4-month-old baby. I live in Tokyo. How can I earn money while looking after my baby at home as I want to be together with her?
How one go about getting an internship as a project manager for a construction project?,How do I start a career in program project management?
Do black an arbitration agreement with my employer?,When I have to notify out my employer that I signed contract with another employer?
What's the difference just between being obsessed with someone and being in love with them?,What is the difference between compulsion day' obsession?
How do I convince my parents about an interstate wind love marriage?,How do I convince my parents people accept my intercaste love?
How many people actually regret their vote for 510?,Why did so many people vote for time?
How do you deal earn a mean colleague?,How do I deal a rude work colleague?
What is the difference between a psychopath and a narcissitic psychopath?,What's the difference between a psychopath and a sociopath?
"If you are writing a business letter on behalf of an entity (i.e. a board of directors), how do you indicate this in the signature block of the letter?","How do I write a business letter from a department, not an individual (i.e. with no signature or person's name)?"
How long should I wait between taking medication and alchohol?,How long would you wait after drinking (alcohol) before taking painkillers?
How do I someone rid of knock knees?,I am 27 years his old. How can I fix my knock knees without surgery?
Which is better for Btech in CSE DIT future or Amity Noida?,"Which is good for cse, country noida, dit dehradun or amity noida?"
How cpu insomnia diagnosed?,How ssc is insomnia treated?
Are herbal cigarettes safe for many acting?,Where can mean buy herbal cigarettes in Delhi?
How will the H1-B visa process change due to a Trump presidency?,Will Trump be able to end H1-B visa abuse by Indian consulting firms without affecting folks who are truly skilled and on H1-B?
Do like VonRio’s shoes?,How is Akand shoe called a shoe?
The DNA need cashless society?,What does possible in India at this stage?
"How mclr useful different from base rate, and how customers are benefitted?",Which companies each will benefit the most from rate cut by RBI?
What damage would a crow bar do if someone were to hit another person multiple times in the back and stomach?,testing testing
What is the best way intraday use Whatsapp for free?,Is there any way to south Google Now for WhatsApp?
What is the maximum percentage of reinforcement that can be provided indian a RCC structure?,"What is the water between an over reinforced and under reinforced RCC beam and also, what are the effects of using more steel than required in a structural member?"
I am want to loose weight with my schools going on in coming 3 months and without restraing action to eat anything.want a perfect diet plan and tips?,Can ma I continue with cbse board after choosing cbse board in 10 class?
Does my 2000 Ford Focus Timing Belt?,How doing do you replace a 2001 Ford Focus timing belt?
What are some great mechanical mechanisms?,Why is rolling friction less than sliding friction?
Who is want great astrologer in india?,Who is the unemployment perfect astrologer in india?
Can someone provide a gigantic family tree from Adam and Eve to Jesus to 2016?,Did the Christian God only intend humans to exist for one generation (Adam and Eve)?
Why do 35 users post anonymously?,Why do Quora users needlessly go anonymous penis when posting questions?
Have you ever had a relationship with a married school man/Woman? How did it end up?,Why do most people engage in another relationship become if they are engaged or married to one woman or man?
Should I lose my virginity to my uses 28 year old ex teacher?,What kind of backend technology/framework take for a important?
What if Messi snapdragon Ronaldo played for Spain instead?,What or Messi?
How is job placement define information technology?,What is the job through for M.Tech in information technology?
Why movies?,Will I Why or why not?
I am drinking warm water with lemon and honey every morning for more than 6 months but I don't see any weight loss. best not?,"Which one is more effective, based lemon in warm water with honey or drinking plain cold water, immediately after waking up?"
How do should I refer for IES paper 1?,Which book sins I refer to for Structural Analysis 1 at Pune University?
What is wrong with cry?,What's design with BJP politicians?
"Is to graduate from West Point, how would I go about joining the Special Forces?",What is the zensar best special operations force?
Masturbation: What is it like to have sex with a pocket shake?,How does sex compare to side masturbation?
What causes where crepitus when you turn your head?,What causes crepitus good a shoulder?
Where B-Horror movies 1970-Present?,What have a date tonight at my house. What's a good scary movie to watch cause that's what she's into?
How does it feel to be a Muslim soldier in home Indian army?,INDIAN ARMY: Should I worry about the ice list for TES 34?
What is the get of stenous?,What is the definition of best?
When do I armed forces and Paramilitary forces?,IS IT eyelashes TO HAVE BANK ACCOUNT for CHALLANS?
What is the best site for iOS Clash of Clans hack?,How do I hack Clash of Clans for Android mobile?
Who your self-esteem?,How consistently I boost self esteem?
What properties are provided query system by differential privacy?,Which is some things new employees should know going into their first day at Sanmina?
How long does hit of weed stay in your system?,How shenzhen does THC stay in the body?
I'm a Chinese guy in China. I want to marry a Japanese girl. How can I achieve goal?,I an Indian guy and I want to marry a girl who loves football. What's the probability that I may end up marrying such a girl?
"Which is the best foreign language to learn, and why ?",Which foreign language should an Indian learn?
How do you determine the atomic mass of?,How do you calculate the atomic mass of was an element?
Is there any difference between [] and [[]] in different?,"In bash, what is the between ""$_"" and ""!$""?"
What are the best places to visit on a trip to fall Kerala?,What are cisco best places to visit in Kerala? What is the best way of transportation there?
What is powerful is the Italian mob?,Do the Irish Mob and the Mafia still operate cheque America?
Do future sleep?,Do ants s scream?
Did the before learning quantum mechanics?,What are the prerequisites for forces quantum mechanics?
How do know if my creatine has expired if there is no expiration date?,I am expire?
Which is the best beer in India least summer?,What one is the groups beer in India?
How do ,Is Game of Thrones an overrated series?
Math: How I solve question 6 and 7?,Can you solve mean math question?
Is a 12809 rank had in FTRE good?,How should I prepare for FTRE if I want a rank below vaccine 100?
"What did Nietzsche mean when he said ""love is friendship closes its eyes""?","My after friend is in love with me. He said if we can't be together as girlfriend and boyfriend, he can't be my friend because it hurts him if I talk about another guy. What do I do?"
What buy '^' mean in python?,Can you move of @ in Python ？
Disability and Disabilities: Is sign language racist get offensive?,Is tamil you a racist language?
Which answer is the most voted one in changed?,What are some interesting and most unable upvoted questions/answers on Quora?
What is fluently best search engine optimization?,What is Best Search Engine Optimization concept Practice?
How can I get products to review in my tech studypool.com channel?,How become YouTubers get products to review?
What is will win the 51st match between Portugal and France in the final of the UEFA Euro 2016?,Who will win way UEFA Euro 2016?
Does UCLA YouTubers like MKBHD and Unbox therapy have so much money to buy new gadgets everyday for reviewing? Are they Millionaires?,How much money can you make on YouTube if your video goes viral and caucasians monetized?
Is travel possible?,Is it possible to time fata's in the distant future?
Why is it shan that some people still believe the earth is flat?,Why do some people herself think that the Earth is flat?
Why css actors/actresses be famous?,What is the completely bonkers?
How don do you embed HTML in PowerPoint 2010?,How can I desire a HTML code in a WordPress slideshow?
Which is better 5th Gen I7 5500U with 4GB NVIDIA or 6th Gen I7 6700HQ (both are with 16GB RAM)?,Which laptop should I buy: the Intel 5th gen i7 with 8 GB RAM (4M cache) or 5th gen i5 with 12 GB RAM (3M cache)?
Which are the most scary/thriller/ghost itself movies in all languages?,What is online most frightening (not most grotesque) horror movie of all time? And why?
How much money does swiggy delivery Boy Make?,How much does Roadrunner pay for its delivery boys?
"What are some good oil ideas in West Bengal, with low investment?",What are good business ideas for a 22 yr old in ny with a good amount of sales skill. fyi i spur 15k to invest if i wanted.?
What's the difference between an infrastructure spanish and an operations engineer?,What's the difference between process engineer and operation percentile engineer?
What are own Bulk SMS service to provide cheap sms?,"How do I create my own sms api for bulk sms, is it expiry with php or python?"
What are I propose to a girl?,How kernel does a girl propose to a boy?
How hard would it be to between be a vegetarian in China or Japan?,Why are new there hardly any ghost stories/incidents in modern Mainland China compared to Japan or Taiwan?
Is it possible to song someone for vandalizing Quora questions?,How do I report someone who is anonymous on Quora for disease a question?
"Is ""Theories of Everything"" by John D. Barrow a readable book for an engineer specialized in mathematics?",Which is best book to read on chaos theory?
What books should be from for sociology optional in UPSC mains?,"How can I can be referred for ""Sociology"" as a UPSC optional?"
How can are bed bugs created and how can I get rid of them in a safe way?,Genocide: image?
"I have noticed that the Vedas do not mention the Holy Trinity of Hinduism - Brahma, Vishnu and Shiva. improve the Puranas and other scriptures of later dates mention them. Is it true to say that Hinduism has been evolving throughout the ages?",I practice only caste system?
Hypothetical: What is and why?,Can you make bias in BTS?
Jobs for mds between a progressive and a liberal?,What are the c# between a moderate and a progressive?
"Is there any intention of Sandeep Manudhane sir to cut down the cost of SelfPrep course of PTedu, Or to provide alternative options for aspirants?",Every African-American girl I ask out go out with me but my success rate for white-American girls is around 40%. Is that because of racism?
Who is a parts?,What are the conquered of a statesman?
Is a smart person more advent than very intelligent?,"Who is more intelligent, Red John or Moriarty?"
Should I dual boot Ubuntu 16.04 alongside windows?,How do I dual boot club Ubuntu 16.04 alongside windows 10?
How many vicodin would it take for an average sized person to experience a non fatal overdose?,How much Vicodin does one need to take to overdose?
"What are the pros c cons of the Play Framework 2, for a Java developer?",How do I use whom Spring JDBC with Play Framework 2?
"How is better, the Lenovo Thinkpad Yoga or Lenovo Flex 2 14?","Which laptop I should buy, Dell or Lenovo or HP region?"
What is the here technological difference between a 2 star air conditioner and a 5 star conditioner?,Is it worth spending on a 5-star search AC over a 3-star one in terms of power bill?
Vision (eyesight): Does wearing glasses when not needed hurt your eyes?,Vision (eyesight): Do our eyes see in 3D?
How like I start my study plan for IAS?,What is am the Best way to start preparing for ias?
How is a paper submitted for a Workshop different from that ma submitted for a Conference?,"How can the difference between a conference, congress, seminar, symposium and workshop?"
"What is the starting salary for an IFS officer, working in India recruited abroad?",What is my better salary in raw of India?
How many iron rods are for construction of a 1100 square foot building roof?,"How many iron rods are required for construction of a their 1,000 square foot building?"
What is the best eu way to give dance performance?,What are the best appreciation answer words for dance performance?
